{"model":{"version":2,"nodes":[{"name":"RootNode","position":[0,0,0],"rotation":[0,0,0],"scale":[1,1,1]},{"name":"Cube","position":[0,5,0],"rotation":[-90,0,0],"scale":[20,20,5]},{"name":"Lamp","position":[4.07625,5.90386,-1.00545],"rotation":[47.5336,107.221,10.7437],"scale":[1,1,1]}],"parents":[-1,0,0],"skins":[],"vertices":[{"position":{"type":"float32","components":3,"data":[-1,1,-1,-1,-1,-1,1,1,-1,1,-1,-1,0.999999,-1,1,-1,1,1,1,0.999999,1,-1,-1,1,1,0.999999,1,1,-1,-1,0.999999,-1,1,1,1,-1,0.999999,-1,1,-1,-1,-1,-1,-1,1,1,-1,-1,-1,1,1,-1,-1,1,-1,-1,-1,-1,1,-1,-1,1,1,1,1,-1,1,0.999999,1,-1,1,-1]},"normal":{"type":"float32","components":3,"data":[1.49012e-8,0,1,1.49012e-8,0,1,1.49012e-8,0,1,1.49012e-8,0,1,-2.98023e-8,0,-1,-2.98023e-8,0,-1,-2.98023e-8,0,-1,-2.98023e-8,0,-1,-1,2.98023e-7,-4.47034e-8,-1,2.98023e-7,-4.47034e-8,-1,2.98023e-7,-4.47034e-8,-1,2.98023e-7,-4.47034e-8,2.83122e-7,1,1.78814e-7,2.83122e-7,1,1.78814e-7,2.83122e-7,1,1.78814e-7,2.83122e-7,1,1.78814e-7,1,-2.38419e-7,1.3411e-7,1,-2.38419e-7,1.3411e-7,1,-2.38419e-7,1.3411e-7,1,-2.38419e-7,1.3411e-7,-2.38419e-7,-1,-1.78814e-7,-2.38419e-7,-1,-1.78814e-7,-2.38419e-7,-1,-1.78814e-7,-2.38419e-7,-1,-1.78814e-7]},"texCoord0":{"type":"float32","components":2,"data":[1,0,1,1,0,0,0,1,1,0,0,1,0,0,1,1,0,0.25,1,0,1,0.25,0,0,0,0.25,1,0,1,0.25,0,0,1,0.25,0,0.25,0,0,1,0,1,0,0,0.25,0,0,1,0.25]},"texCoord1":{"data":[0.49965321422546805,0.001953125,0.49965321422546805,0.495746964225468,0.993447053450936,0.001953125,0.993447053450936,0.495746964225468,0.001953371896919631,0.495746964225468,0.495746964225468,0.001953125,0.001953125,0.001953371896919631,0.495746964225468,0.495746964225468,0.2488500446128652,0.49965333767392783,0.0019531249999999861,0.7465501338383332,0.2488500446128652,0.7465501338383332,0.0019531249999999861,0.49965321422546805,0.49965321422559916,0.7504565072866617,0.2527562946128652,0.9973533034509359,0.49965321422559916,0.9973533034509359,0.2527562946128652,0.7504563838382019,0.2527562946128652,0.49965321422546793,0.2527562946128652,0.7465501338382019,0.49965321422559916,0.7465501338382019,0.49965321422559916,0.49965321422546793,0.0019531249999999861,0.9973533034511983,0.2488500446128652,0.7504563838383331,0.0019531249999999861,0.7504563838383331,0.2488500446128652,0.9973533034511983],"components":2,"type":"float32"}}],"meshes":[{"aabb":{"min":[-1,-1,-1],"max":[1,1,1]},"vertices":0,"indices":[8,9,10,9,8,11,16,17,18,16,18,19,20,21,22,21,20,23,12,13,14,13,12,15,4,5,6,5,4,7,0,1,2,2,1,3],"type":"triangles","base":0,"count":36}],"meshInstances":[{"node":1,"mesh":0}]}}